Duplication_Type	N	Mean_Ks	Median_Ks	SD_Ks	Q25	Q75
Non-TAG	2406779	3.370621922868697	3.6863	1.0720468439206656	2.772	4.1657
TAG	12056	0.9613280524220306	0.491	1.0804802579210617	0.1929	1.3889
