Peak	Ks_mean	Ks_sd	Proportion	Age_MYA
1	0.12119774930766149	0.06825568736980314	0.33013137149957644	9.322903792897037
2	0.742473792569408	0.36304483807700705	0.6698686285004235	57.113368659185234
