Peak	Ks_mean	Ks_sd	Proportion	Age_MYA
1	0.35986623857933986	0.27236253100162394	0.4956625568659182	29.497232670437693
2	1.7178479817318306	0.43588320096020383	0.5043374431340817	140.80721161736315
