Peak	Ks_mean	Ks_sd	Proportion	Age_MYA
1	0.4623123505434782	0.34707976807451646	0.361568220157927	56.3795549443266
2	1.6910208022333553	0.21921893091894407	0.638431779842073	206.22204905284818
