Metric	Value
Total_Pairs	10197.0
Mean_Ks	0.6109023830538394
Median_Ks	0.4142
Std_Ks	0.5529121819765235
Min_Ks	0.001
Max_Ks	1.9997
Mean_Age_MYA	50.07396582408519
Median_Age_MYA	33.95081967213115
Std_Age_MYA	45.320670653813266
Min_Age_MYA	0.08196721311475409
Max_Age_MYA	163.90983606557378
