Peak	Ks_mean	Ks_sd	Proportion	Age_MYA
1	0.24470865617037074	0.18459415722973235	0.604397603472804	20.058086571341864
2	1.1703696989196184	0.45029521528118466	0.395602396527196	95.93194253439495
